{
  "stats": {
    "total_downloads": 9,
    "successful_downloads": 9,
    "failed_downloads": 0,
    "users": [
      1725955696,
      7449446958,
      7135477742
    ],
    "last_24h_downloads": 0,
    "last_24h_users": [],
    "hourly_stats": {},
    "daily_stats": {},
    "peak_hours": {}
  },
  "user_stats": {
    "7135477742": {
      "join_date": "2025-06-09 17:42:05",
      "total_downloads": 4,
      "last_download": "2025-06-09 17:46:38"
    },
    "1725955696": {
      "join_date": "2025-06-09 17:43:57",
      "total_downloads": 0
    },
    "7449446958": {
      "join_date": "2025-06-09 17:44:03",
      "total_downloads": 0
    },
    "7135477742": {
      "total_downloads": 1,
      "last_download": "2025-06-09 18:07:25"
    },
    "1725955696": {
      "total_downloads": 1,
      "last_download": "2025-06-09 18:07:53"
    }
  },
  "reports": [],
  "blocked_users": [],
  "user_activities": {},
  "admin_notes": {},
  "warnings": {
    "7135477742": [
      {
        "reason": "test",
        "time": "2025-06-09 17:48:19",
        "by_admin": 7135477742
      }
    ]
  },
  "suspicious": [],
  "trusted": [],
  "spam_reports": {},
  "errors": []
}